Residue,Confidence_pLDDT
1,58.44
2,68.75
3,68.44
4,75.12
5,73.12
6,72.94
7,69.5
8,68.25
9,66.69
10,65.19
11,60.69
12,60.06
13,55.81
14,52.69
15,51.47
16,54.62
17,54.41
18,64.0
19,72.25
20,84.94
21,92.19
22,95.69
23,97.69
24,98.38
25,98.06
26,97.25
27,97.5
28,97.56
29,96.44
30,96.38
31,98.06
32,98.44
33,98.56
34,98.56
35,97.88
36,97.81
37,97.38
38,96.56
39,96.5
40,95.62
41,95.56
42,95.19
43,95.94
44,94.62
45,92.56
46,95.75
47,97.31
48,98.12
49,98.5
50,98.62
51,98.06
52,97.88
53,95.62
54,92.62
55,86.44
56,79.75
57,82.19
58,87.25
59,91.81
60,95.56
61,96.5
62,97.5
63,98.19
64,98.56
65,98.25
66,98.12
67,96.62
68,92.06
69,92.81
70,90.75
71,91.38
72,94.62
73,94.44
74,92.06
75,94.94
76,96.75
77,97.94
78,97.75
79,98.06
80,96.69
81,97.25
82,98.69
83,98.69
84,98.75
85,98.38
86,98.44
87,96.81
88,94.5
89,92.81
90,95.38
91,96.31
92,98.25
93,98.5
94,98.69
95,98.81
96,98.69
97,98.62
98,98.38
99,97.38
100,98.19
101,97.5
102,97.19
103,96.25
104,97.62
105,97.94
106,96.88
107,97.19
108,98.06
109,97.38
110,98.19
111,97.81
112,97.62
113,96.81
114,93.06
115,90.44
116,88.75
117,91.19
118,94.75
119,95.06
120,94.88
121,95.81
122,96.12
123,96.0
124,97.81
125,97.75
126,98.56
127,98.31
128,98.31
129,96.81
130,94.12
131,87.81
132,80.25
133,75.75
134,66.06
135,62.38
136,59.5
137,55.31
138,56.94
139,53.28
140,56.22
141,49.62
142,34.94
143,47.66
144,47.88
145,44.84
146,38.09
147,44.5
148,41.59
149,33.84
150,40.19
151,45.03
152,39.22
153,43.5
154,31.09
155,41.22
156,35.84
157,34.81
158,36.41
159,38.38
160,34.84
161,37.88
162,34.78
163,36.22
164,34.53
165,34.62
166,33.53
167,35.5
168,41.88
169,44.94
170,43.34
171,50.03
172,62.12
173,71.25
174,77.06
175,81.0
176,84.5
177,85.62
178,90.88
179,95.06
180,96.0
181,96.25
182,96.56
183,96.38
184,96.69
185,97.0
186,95.62
187,96.44
188,96.31
189,95.25
190,95.19
191,93.19
192,93.19
193,93.19
194,93.0
195,90.56
196,86.19
197,86.69
198,83.31
199,74.69
200,71.31
201,64.25
202,60.03
203,53.03
204,48.75
205,41.38
206,41.53
207,45.03
208,40.03
209,43.25
210,36.09
211,34.47
212,35.09
213,33.47
214,34.84
215,35.28
216,44.34
217,41.12
218,35.69
219,37.44
220,38.91
221,33.22
222,42.03
223,34.56
224,38.44
225,38.59
226,38.44
227,34.31
228,42.72
229,51.25
230,46.28
